blockN,run,condition,trial_key,stim_file_pos,stim_pos,noise_pos,marker_init,shape,shape_order,div_pos,target_pos,subj_C0F1_val,subj_C1F0_val,target_file,img1_file,img2_file
1,1,baseline,0,0.1,-0.38,0.0,-0.132,curv,curv_flat,0.0,-0.38,pen,rew,input_data/stims/Shape_0.10_0.00.png,input_data/stims/Shape_0.00_2.00.png,input_data/stims/Shape_4.00_2.00.png
1,1,baseline,1,0.1,-0.38,0.0,-0.028,curv,flat_curv,0.0,0.38,pen,rew,input_data/stims/Shape_0.10_0.00.png,input_data/stims/Shape_4.00_2.00.png,input_data/stims/Shape_0.00_2.00.png
1,1,baseline,2,0.3,-0.34,0.0,0.244,curv,curv_flat,0.0,-0.34,pen,rew,input_data/stims/Shape_0.30_0.00.png,input_data/stims/Shape_0.00_2.00.png,input_data/stims/Shape_4.00_2.00.png
1,1,baseline,3,0.3,-0.34,0.0,0.124,curv,flat_curv,0.0,0.34,pen,rew,input_data/stims/Shape_0.30_0.00.png,input_data/stims/Shape_4.00_2.00.png,input_data/stims/Shape_0.00_2.00.png
1,1,baseline,4,0.5,-0.3,0.0,-0.06,curv,curv_flat,0.0,-0.3,pen,rew,input_data/stims/Shape_0.50_0.00.png,input_data/stims/Shape_0.00_2.00.png,input_data/stims/Shape_4.00_2.00.png
1,1,baseline,5,0.5,-0.3,0.0,-0.008,curv,flat_curv,0.0,0.3,pen,rew,input_data/stims/Shape_0.50_0.00.png,input_data/stims/Shape_4.00_2.00.png,input_data/stims/Shape_0.00_2.00.png
1,1,baseline,6,0.7,-0.26,0.0,0.276,curv,curv_flat,0.0,-0.26,pen,rew,input_data/stims/Shape_0.70_0.00.png,input_data/stims/Shape_0.00_2.00.png,input_data/stims/Shape_4.00_2.00.png
1,1,baseline,7,0.7,-0.26,0.0,0.324,curv,flat_curv,0.0,0.26,pen,rew,input_data/stims/Shape_0.70_0.00.png,input_data/stims/Shape_4.00_2.00.png,input_data/stims/Shape_0.00_2.00.png
1,1,baseline,8,0.9,-0.22,0.0,-0.056,curv,curv_flat,0.0,-0.22,pen,rew,input_data/stims/Shape_0.90_0.00.png,input_data/stims/Shape_0.00_2.00.png,input_data/stims/Shape_4.00_2.00.png
1,1,baseline,9,0.9,-0.22,0.0,-0.128,curv,flat_curv,0.0,0.22,pen,rew,input_data/stims/Shape_0.90_0.00.png,input_data/stims/Shape_4.00_2.00.png,input_data/stims/Shape_0.00_2.00.png
1,1,baseline,10,1.1,-0.18,0.0,0.252,curv,curv_flat,0.0,-0.18,pen,rew,input_data/stims/Shape_1.10_0.00.png,input_data/stims/Shape_0.00_2.00.png,input_data/stims/Shape_4.00_2.00.png
1,1,baseline,11,1.1,-0.18,0.0,0.028,curv,flat_curv,0.0,0.18,pen,rew,input_data/stims/Shape_1.10_0.00.png,input_data/stims/Shape_4.00_2.00.png,input_data/stims/Shape_0.00_2.00.png
1,1,baseline,12,1.3,-0.14,0.0,-0.248,curv,curv_flat,0.0,-0.14,pen,rew,input_data/stims/Shape_1.30_0.00.png,input_data/stims/Shape_0.00_2.00.png,input_data/stims/Shape_4.00_2.00.png
1,1,baseline,13,1.3,-0.14,0.0,-0.296,curv,flat_curv,0.0,0.14,pen,rew,input_data/stims/Shape_1.30_0.00.png,input_data/stims/Shape_4.00_2.00.png,input_data/stims/Shape_0.00_2.00.png
1,1,baseline,14,1.5,-0.1,0.0,0.388,curv,curv_flat,0.0,-0.1,pen,rew,input_data/stims/Shape_1.50_0.00.png,input_data/stims/Shape_0.00_2.00.png,input_data/stims/Shape_4.00_2.00.png
1,1,baseline,15,1.5,-0.1,0.0,0.356,curv,flat_curv,0.0,0.1,pen,rew,input_data/stims/Shape_1.50_0.00.png,input_data/stims/Shape_4.00_2.00.png,input_data/stims/Shape_0.00_2.00.png
1,1,baseline,16,1.7,-0.06,0.0,-0.244,curv,curv_flat,0.0,-0.06,pen,rew,input_data/stims/Shape_1.70_0.00.png,input_data/stims/Shape_0.00_2.00.png,input_data/stims/Shape_4.00_2.00.png
1,1,baseline,17,1.7,-0.06,0.0,-0.008,curv,flat_curv,0.0,0.06,pen,rew,input_data/stims/Shape_1.70_0.00.png,input_data/stims/Shape_4.00_2.00.png,input_data/stims/Shape_0.00_2.00.png
1,1,baseline,18,1.9,-0.02,0.0,0.348,curv,curv_flat,0.0,-0.02,pen,rew,input_data/stims/Shape_1.90_0.00.png,input_data/stims/Shape_0.00_2.00.png,input_data/stims/Shape_4.00_2.00.png
1,1,baseline,19,1.9,-0.02,0.0,0.304,curv,flat_curv,0.0,0.02,pen,rew,input_data/stims/Shape_1.90_0.00.png,input_data/stims/Shape_4.00_2.00.png,input_data/stims/Shape_0.00_2.00.png
1,1,baseline,20,2.1,0.02,4.0,-0.036,flat,curv_flat,0.0,0.02,rew,pen,input_data/stims/Shape_2.10_4.00.png,input_data/stims/Shape_0.00_2.00.png,input_data/stims/Shape_4.00_2.00.png
1,1,baseline,21,2.1,0.02,4.0,-0.144,flat,flat_curv,0.0,-0.02,rew,pen,input_data/stims/Shape_2.10_4.00.png,input_data/stims/Shape_4.00_2.00.png,input_data/stims/Shape_0.00_2.00.png
1,1,baseline,22,2.3,0.06,4.0,0.216,flat,curv_flat,0.0,0.06,rew,pen,input_data/stims/Shape_2.30_4.00.png,input_data/stims/Shape_0.00_2.00.png,input_data/stims/Shape_4.00_2.00.png
1,1,baseline,23,2.3,0.06,4.0,0.104,flat,flat_curv,0.0,-0.06,rew,pen,input_data/stims/Shape_2.30_4.00.png,input_data/stims/Shape_4.00_2.00.png,input_data/stims/Shape_0.00_2.00.png
1,1,baseline,24,2.5,0.1,4.0,-0.18,flat,curv_flat,0.0,0.1,rew,pen,input_data/stims/Shape_2.50_4.00.png,input_data/stims/Shape_0.00_2.00.png,input_data/stims/Shape_4.00_2.00.png
1,1,baseline,25,2.5,0.1,4.0,-0.188,flat,flat_curv,0.0,-0.1,rew,pen,input_data/stims/Shape_2.50_4.00.png,input_data/stims/Shape_4.00_2.00.png,input_data/stims/Shape_0.00_2.00.png
1,1,baseline,26,2.7,0.14,4.0,0.324,flat,curv_flat,0.0,0.14,rew,pen,input_data/stims/Shape_2.70_4.00.png,input_data/stims/Shape_0.00_2.00.png,input_data/stims/Shape_4.00_2.00.png
1,1,baseline,27,2.7,0.14,4.0,0.004,flat,flat_curv,0.0,-0.14,rew,pen,input_data/stims/Shape_2.70_4.00.png,input_data/stims/Shape_4.00_2.00.png,input_data/stims/Shape_0.00_2.00.png
1,1,baseline,28,2.9,0.18,4.0,-0.228,flat,curv_flat,0.0,0.18,rew,pen,input_data/stims/Shape_2.90_4.00.png,input_data/stims/Shape_0.00_2.00.png,input_data/stims/Shape_4.00_2.00.png
1,1,baseline,29,2.9,0.18,4.0,-0.216,flat,flat_curv,0.0,-0.18,rew,pen,input_data/stims/Shape_2.90_4.00.png,input_data/stims/Shape_4.00_2.00.png,input_data/stims/Shape_0.00_2.00.png
1,1,baseline,30,3.1,0.22,4.0,0.388,flat,curv_flat,0.0,0.22,rew,pen,input_data/stims/Shape_3.10_4.00.png,input_data/stims/Shape_0.00_2.00.png,input_data/stims/Shape_4.00_2.00.png
1,1,baseline,31,3.1,0.22,4.0,0.084,flat,flat_curv,0.0,-0.22,rew,pen,input_data/stims/Shape_3.10_4.00.png,input_data/stims/Shape_4.00_2.00.png,input_data/stims/Shape_0.00_2.00.png
1,1,baseline,32,3.3,0.26,4.0,-0.304,flat,curv_flat,0.0,0.26,rew,pen,input_data/stims/Shape_3.30_4.00.png,input_data/stims/Shape_0.00_2.00.png,input_data/stims/Shape_4.00_2.00.png
1,1,baseline,33,3.3,0.26,4.0,-0.152,flat,flat_curv,0.0,-0.26,rew,pen,input_data/stims/Shape_3.30_4.00.png,input_data/stims/Shape_4.00_2.00.png,input_data/stims/Shape_0.00_2.00.png
1,1,baseline,34,3.5,0.3,4.0,0.236,flat,curv_flat,0.0,0.3,rew,pen,input_data/stims/Shape_3.50_4.00.png,input_data/stims/Shape_0.00_2.00.png,input_data/stims/Shape_4.00_2.00.png
1,1,baseline,35,3.5,0.3,4.0,0.008,flat,flat_curv,0.0,-0.3,rew,pen,input_data/stims/Shape_3.50_4.00.png,input_data/stims/Shape_4.00_2.00.png,input_data/stims/Shape_0.00_2.00.png
1,1,baseline,36,3.7,0.34,4.0,-0.14,flat,curv_flat,0.0,0.34,rew,pen,input_data/stims/Shape_3.70_4.00.png,input_data/stims/Shape_0.00_2.00.png,input_data/stims/Shape_4.00_2.00.png
1,1,baseline,37,3.7,0.34,4.0,-0.02,flat,flat_curv,0.0,-0.34,rew,pen,input_data/stims/Shape_3.70_4.00.png,input_data/stims/Shape_4.00_2.00.png,input_data/stims/Shape_0.00_2.00.png
1,1,baseline,38,3.9,0.38,4.0,0.148,flat,curv_flat,0.0,0.38,rew,pen,input_data/stims/Shape_3.90_4.00.png,input_data/stims/Shape_0.00_2.00.png,input_data/stims/Shape_4.00_2.00.png
1,1,baseline,39,3.9,0.38,4.0,0.004,flat,flat_curv,0.0,-0.38,rew,pen,input_data/stims/Shape_3.90_4.00.png,input_data/stims/Shape_4.00_2.00.png,input_data/stims/Shape_0.00_2.00.png
2,1,pen_comp,40,0.1,-0.38,0.0,-0.228,curv,curv_flat,-0.2,-0.38,pen,rew,input_data/stims/Shape_0.10_0.00.png,input_data/stims/Shape_0.00_2.00.png,input_data/stims/Shape_4.00_2.00.png
2,1,pen_comp,41,0.1,-0.38,0.0,-0.22,curv,flat_curv,0.2,0.38,pen,rew,input_data/stims/Shape_0.10_0.00.png,input_data/stims/Shape_4.00_2.00.png,input_data/stims/Shape_0.00_2.00.png
2,1,pen_comp,42,0.1,-0.38,0.0,0.048,curv,curv_flat,-0.2,-0.38,pen,rew,input_data/stims/Shape_0.10_0.00.png,input_data/stims/Shape_0.00_2.00.png,input_data/stims/Shape_4.00_2.00.png
2,1,pen_comp,43,0.1,-0.38,0.0,0.036,curv,flat_curv,0.2,0.38,pen,rew,input_data/stims/Shape_0.10_0.00.png,input_data/stims/Shape_4.00_2.00.png,input_data/stims/Shape_0.00_2.00.png
2,1,pen_comp,44,0.3,-0.34,0.0,-0.252,curv,curv_flat,-0.2,-0.34,pen,rew,input_data/stims/Shape_0.30_0.00.png,input_data/stims/Shape_0.00_2.00.png,input_data/stims/Shape_4.00_2.00.png
2,1,pen_comp,45,0.3,-0.34,0.0,-0.212,curv,flat_curv,0.2,0.34,pen,rew,input_data/stims/Shape_0.30_0.00.png,input_data/stims/Shape_4.00_2.00.png,input_data/stims/Shape_0.00_2.00.png
2,1,pen_comp,46,0.3,-0.34,0.0,0.104,curv,curv_flat,-0.2,-0.34,pen,rew,input_data/stims/Shape_0.30_0.00.png,input_data/stims/Shape_0.00_2.00.png,input_data/stims/Shape_4.00_2.00.png
2,1,pen_comp,47,0.3,-0.34,0.0,0.272,curv,flat_curv,0.2,0.34,pen,rew,input_data/stims/Shape_0.30_0.00.png,input_data/stims/Shape_4.00_2.00.png,input_data/stims/Shape_0.00_2.00.png
2,1,pen_comp,48,0.5,-0.3,0.0,-0.38,curv,curv_flat,-0.2,-0.3,pen,rew,input_data/stims/Shape_0.50_0.00.png,input_data/stims/Shape_0.00_2.00.png,input_data/stims/Shape_4.00_2.00.png
2,1,pen_comp,49,0.5,-0.3,0.0,-0.272,curv,flat_curv,0.2,0.3,pen,rew,input_data/stims/Shape_0.50_0.00.png,input_data/stims/Shape_4.00_2.00.png,input_data/stims/Shape_0.00_2.00.png
2,1,pen_comp,50,0.5,-0.3,0.0,-0.132,curv,curv_flat,-0.2,-0.3,pen,rew,input_data/stims/Shape_0.50_0.00.png,input_data/stims/Shape_0.00_2.00.png,input_data/stims/Shape_4.00_2.00.png
2,1,pen_comp,51,0.5,-0.3,0.0,-0.096,curv,flat_curv,0.2,0.3,pen,rew,input_data/stims/Shape_0.50_0.00.png,input_data/stims/Shape_4.00_2.00.png,input_data/stims/Shape_0.00_2.00.png
2,1,pen_comp,52,0.7,-0.26,0.0,-0.228,curv,curv_flat,-0.2,-0.26,pen,rew,input_data/stims/Shape_0.70_0.00.png,input_data/stims/Shape_0.00_2.00.png,input_data/stims/Shape_4.00_2.00.png
2,1,pen_comp,53,0.7,-0.26,0.0,-0.316,curv,flat_curv,0.2,0.26,pen,rew,input_data/stims/Shape_0.70_0.00.png,input_data/stims/Shape_4.00_2.00.png,input_data/stims/Shape_0.00_2.00.png
2,1,pen_comp,54,0.7,-0.26,0.0,-0.144,curv,curv_flat,-0.2,-0.26,pen,rew,input_data/stims/Shape_0.70_0.00.png,input_data/stims/Shape_0.00_2.00.png,input_data/stims/Shape_4.00_2.00.png
2,1,pen_comp,55,0.7,-0.26,0.0,0.324,curv,flat_curv,0.2,0.26,pen,rew,input_data/stims/Shape_0.70_0.00.png,input_data/stims/Shape_4.00_2.00.png,input_data/stims/Shape_0.00_2.00.png
2,1,pen_comp,56,0.9,-0.22,0.0,-0.276,curv,curv_flat,-0.2,-0.22,pen,rew,input_data/stims/Shape_0.90_0.00.png,input_data/stims/Shape_0.00_2.00.png,input_data/stims/Shape_4.00_2.00.png
2,1,pen_comp,57,0.9,-0.22,0.0,-0.3,curv,flat_curv,0.2,0.22,pen,rew,input_data/stims/Shape_0.90_0.00.png,input_data/stims/Shape_4.00_2.00.png,input_data/stims/Shape_0.00_2.00.png
2,1,pen_comp,58,0.9,-0.22,0.0,0.236,curv,curv_flat,-0.2,-0.22,pen,rew,input_data/stims/Shape_0.90_0.00.png,input_data/stims/Shape_0.00_2.00.png,input_data/stims/Shape_4.00_2.00.png
2,1,pen_comp,59,0.9,-0.22,0.0,0.052,curv,flat_curv,0.2,0.22,pen,rew,input_data/stims/Shape_0.90_0.00.png,input_data/stims/Shape_4.00_2.00.png,input_data/stims/Shape_0.00_2.00.png
2,1,pen_comp,60,1.1,-0.18,4.0,-0.244,flat,curv_flat,-0.2,-0.18,rew,pen,input_data/stims/Shape_1.10_4.00.png,input_data/stims/Shape_0.00_2.00.png,input_data/stims/Shape_4.00_2.00.png
2,1,pen_comp,61,1.1,-0.18,4.0,-0.232,flat,flat_curv,0.2,0.18,rew,pen,input_data/stims/Shape_1.10_4.00.png,input_data/stims/Shape_4.00_2.00.png,input_data/stims/Shape_0.00_2.00.png
2,1,pen_comp,62,1.3,-0.14,4.0,-0.08,flat,curv_flat,-0.2,-0.14,rew,pen,input_data/stims/Shape_1.30_4.00.png,input_data/stims/Shape_0.00_2.00.png,input_data/stims/Shape_4.00_2.00.png
2,1,pen_comp,63,1.3,-0.14,4.0,-0.16,flat,flat_curv,0.2,0.14,rew,pen,input_data/stims/Shape_1.30_4.00.png,input_data/stims/Shape_4.00_2.00.png,input_data/stims/Shape_0.00_2.00.png
2,1,pen_comp,64,1.5,-0.1,4.0,-0.38,flat,curv_flat,-0.2,-0.1,rew,pen,input_data/stims/Shape_1.50_4.00.png,input_data/stims/Shape_0.00_2.00.png,input_data/stims/Shape_4.00_2.00.png
2,1,pen_comp,65,1.5,-0.1,4.0,-0.204,flat,flat_curv,0.2,0.1,rew,pen,input_data/stims/Shape_1.50_4.00.png,input_data/stims/Shape_4.00_2.00.png,input_data/stims/Shape_0.00_2.00.png
2,1,pen_comp,66,1.7,-0.06,4.0,0.016,flat,curv_flat,-0.2,-0.06,rew,pen,input_data/stims/Shape_1.70_4.00.png,input_data/stims/Shape_0.00_2.00.png,input_data/stims/Shape_4.00_2.00.png
2,1,pen_comp,67,1.7,-0.06,4.0,-0.116,flat,flat_curv,0.2,0.06,rew,pen,input_data/stims/Shape_1.70_4.00.png,input_data/stims/Shape_4.00_2.00.png,input_data/stims/Shape_0.00_2.00.png
2,1,pen_comp,68,1.9,-0.02,4.0,-0.344,flat,curv_flat,-0.2,-0.02,rew,pen,input_data/stims/Shape_1.90_4.00.png,input_data/stims/Shape_0.00_2.00.png,input_data/stims/Shape_4.00_2.00.png
2,1,pen_comp,69,1.9,-0.02,4.0,-0.204,flat,flat_curv,0.2,0.02,rew,pen,input_data/stims/Shape_1.90_4.00.png,input_data/stims/Shape_4.00_2.00.png,input_data/stims/Shape_0.00_2.00.png
2,1,pen_comp,70,2.1,0.02,4.0,0.084,flat,curv_flat,-0.2,0.02,rew,pen,input_data/stims/Shape_2.10_4.00.png,input_data/stims/Shape_0.00_2.00.png,input_data/stims/Shape_4.00_2.00.png
2,1,pen_comp,71,2.1,0.02,4.0,0.272,flat,flat_curv,0.2,-0.02,rew,pen,input_data/stims/Shape_2.10_4.00.png,input_data/stims/Shape_4.00_2.00.png,input_data/stims/Shape_0.00_2.00.png
2,1,pen_comp,72,2.3,0.06,4.0,-0.304,flat,curv_flat,-0.2,0.06,rew,pen,input_data/stims/Shape_2.30_4.00.png,input_data/stims/Shape_0.00_2.00.png,input_data/stims/Shape_4.00_2.00.png
2,1,pen_comp,73,2.3,0.06,4.0,-0.344,flat,flat_curv,0.2,-0.06,rew,pen,input_data/stims/Shape_2.30_4.00.png,input_data/stims/Shape_4.00_2.00.png,input_data/stims/Shape_0.00_2.00.png
2,1,pen_comp,74,2.5,0.1,4.0,0.32,flat,curv_flat,-0.2,0.1,rew,pen,input_data/stims/Shape_2.50_4.00.png,input_data/stims/Shape_0.00_2.00.png,input_data/stims/Shape_4.00_2.00.png
2,1,pen_comp,75,2.5,0.1,4.0,-0.004,flat,flat_curv,0.2,-0.1,rew,pen,input_data/stims/Shape_2.50_4.00.png,input_data/stims/Shape_4.00_2.00.png,input_data/stims/Shape_0.00_2.00.png
2,1,pen_comp,76,2.7,0.14,4.0,-0.36,flat,curv_flat,-0.2,0.14,rew,pen,input_data/stims/Shape_2.70_4.00.png,input_data/stims/Shape_0.00_2.00.png,input_data/stims/Shape_4.00_2.00.png
2,1,pen_comp,77,2.7,0.14,4.0,-0.332,flat,flat_curv,0.2,-0.14,rew,pen,input_data/stims/Shape_2.70_4.00.png,input_data/stims/Shape_4.00_2.00.png,input_data/stims/Shape_0.00_2.00.png
2,1,pen_comp,78,2.9,0.18,4.0,0.084,flat,curv_flat,-0.2,0.18,rew,pen,input_data/stims/Shape_2.90_4.00.png,input_data/stims/Shape_0.00_2.00.png,input_data/stims/Shape_4.00_2.00.png
2,1,pen_comp,79,2.9,0.18,4.0,-0.064,flat,flat_curv,0.2,-0.18,rew,pen,input_data/stims/Shape_2.90_4.00.png,input_data/stims/Shape_4.00_2.00.png,input_data/stims/Shape_0.00_2.00.png
3,1,rew_comp,80,1.1,-0.18,0.0,0.128,curv,curv_flat,0.2,-0.18,pen,rew,input_data/stims/Shape_1.10_0.00.png,input_data/stims/Shape_0.00_2.00.png,input_data/stims/Shape_4.00_2.00.png
3,1,rew_comp,81,1.1,-0.18,0.0,-0.004,curv,flat_curv,-0.2,0.18,pen,rew,input_data/stims/Shape_1.10_0.00.png,input_data/stims/Shape_4.00_2.00.png,input_data/stims/Shape_0.00_2.00.png
3,1,rew_comp,82,1.3,-0.14,0.0,0.32,curv,curv_flat,0.2,-0.14,pen,rew,input_data/stims/Shape_1.30_0.00.png,input_data/stims/Shape_0.00_2.00.png,input_data/stims/Shape_4.00_2.00.png
3,1,rew_comp,83,1.3,-0.14,0.0,0.344,curv,flat_curv,-0.2,0.14,pen,rew,input_data/stims/Shape_1.30_0.00.png,input_data/stims/Shape_4.00_2.00.png,input_data/stims/Shape_0.00_2.00.png
3,1,rew_comp,84,1.5,-0.1,0.0,-0.208,curv,curv_flat,0.2,-0.1,pen,rew,input_data/stims/Shape_1.50_0.00.png,input_data/stims/Shape_0.00_2.00.png,input_data/stims/Shape_4.00_2.00.png
3,1,rew_comp,85,1.5,-0.1,0.0,-0.084,curv,flat_curv,-0.2,0.1,pen,rew,input_data/stims/Shape_1.50_0.00.png,input_data/stims/Shape_4.00_2.00.png,input_data/stims/Shape_0.00_2.00.png
3,1,rew_comp,86,1.7,-0.06,0.0,0.232,curv,curv_flat,0.2,-0.06,pen,rew,input_data/stims/Shape_1.70_0.00.png,input_data/stims/Shape_0.00_2.00.png,input_data/stims/Shape_4.00_2.00.png
3,1,rew_comp,87,1.7,-0.06,0.0,0.224,curv,flat_curv,-0.2,0.06,pen,rew,input_data/stims/Shape_1.70_0.00.png,input_data/stims/Shape_4.00_2.00.png,input_data/stims/Shape_0.00_2.00.png
3,1,rew_comp,88,1.9,-0.02,0.0,0.092,curv,curv_flat,0.2,-0.02,pen,rew,input_data/stims/Shape_1.90_0.00.png,input_data/stims/Shape_0.00_2.00.png,input_data/stims/Shape_4.00_2.00.png
3,1,rew_comp,89,1.9,-0.02,0.0,0.148,curv,flat_curv,-0.2,0.02,pen,rew,input_data/stims/Shape_1.90_0.00.png,input_data/stims/Shape_4.00_2.00.png,input_data/stims/Shape_0.00_2.00.png
3,1,rew_comp,90,2.1,0.02,0.0,0.264,curv,curv_flat,0.2,0.02,pen,rew,input_data/stims/Shape_2.10_0.00.png,input_data/stims/Shape_0.00_2.00.png,input_data/stims/Shape_4.00_2.00.png
3,1,rew_comp,91,2.1,0.02,0.0,0.324,curv,flat_curv,-0.2,-0.02,pen,rew,input_data/stims/Shape_2.10_0.00.png,input_data/stims/Shape_4.00_2.00.png,input_data/stims/Shape_0.00_2.00.png
3,1,rew_comp,92,2.3,0.06,0.0,-0.12,curv,curv_flat,0.2,0.06,pen,rew,input_data/stims/Shape_2.30_0.00.png,input_data/stims/Shape_0.00_2.00.png,input_data/stims/Shape_4.00_2.00.png
3,1,rew_comp,93,2.3,0.06,0.0,-0.204,curv,flat_curv,-0.2,-0.06,pen,rew,input_data/stims/Shape_2.30_0.00.png,input_data/stims/Shape_4.00_2.00.png,input_data/stims/Shape_0.00_2.00.png
3,1,rew_comp,94,2.5,0.1,0.0,0.272,curv,curv_flat,0.2,0.1,pen,rew,input_data/stims/Shape_2.50_0.00.png,input_data/stims/Shape_0.00_2.00.png,input_data/stims/Shape_4.00_2.00.png
3,1,rew_comp,95,2.5,0.1,0.0,0.268,curv,flat_curv,-0.2,-0.1,pen,rew,input_data/stims/Shape_2.50_0.00.png,input_data/stims/Shape_4.00_2.00.png,input_data/stims/Shape_0.00_2.00.png
3,1,rew_comp,96,2.7,0.14,0.0,-0.192,curv,curv_flat,0.2,0.14,pen,rew,input_data/stims/Shape_2.70_0.00.png,input_data/stims/Shape_0.00_2.00.png,input_data/stims/Shape_4.00_2.00.png
3,1,rew_comp,97,2.7,0.14,0.0,0.1,curv,flat_curv,-0.2,-0.14,pen,rew,input_data/stims/Shape_2.70_0.00.png,input_data/stims/Shape_4.00_2.00.png,input_data/stims/Shape_0.00_2.00.png
3,1,rew_comp,98,2.9,0.18,0.0,0.376,curv,curv_flat,0.2,0.18,pen,rew,input_data/stims/Shape_2.90_0.00.png,input_data/stims/Shape_0.00_2.00.png,input_data/stims/Shape_4.00_2.00.png
3,1,rew_comp,99,2.9,0.18,0.0,0.328,curv,flat_curv,-0.2,-0.18,pen,rew,input_data/stims/Shape_2.90_0.00.png,input_data/stims/Shape_4.00_2.00.png,input_data/stims/Shape_0.00_2.00.png
3,1,rew_comp,100,3.1,0.22,4.0,-0.244,flat,curv_flat,0.2,0.22,rew,pen,input_data/stims/Shape_3.10_4.00.png,input_data/stims/Shape_0.00_2.00.png,input_data/stims/Shape_4.00_2.00.png
3,1,rew_comp,101,3.1,0.22,4.0,-0.012,flat,flat_curv,-0.2,-0.22,rew,pen,input_data/stims/Shape_3.10_4.00.png,input_data/stims/Shape_4.00_2.00.png,input_data/stims/Shape_0.00_2.00.png
3,1,rew_comp,102,3.1,0.22,4.0,0.32,flat,curv_flat,0.2,0.22,rew,pen,input_data/stims/Shape_3.10_4.00.png,input_data/stims/Shape_0.00_2.00.png,input_data/stims/Shape_4.00_2.00.png
3,1,rew_comp,103,3.1,0.22,4.0,0.368,flat,flat_curv,-0.2,-0.22,rew,pen,input_data/stims/Shape_3.10_4.00.png,input_data/stims/Shape_4.00_2.00.png,input_data/stims/Shape_0.00_2.00.png
3,1,rew_comp,104,3.3,0.26,4.0,-0.188,flat,curv_flat,0.2,0.26,rew,pen,input_data/stims/Shape_3.30_4.00.png,input_data/stims/Shape_0.00_2.00.png,input_data/stims/Shape_4.00_2.00.png
3,1,rew_comp,105,3.3,0.26,4.0,-0.036,flat,flat_curv,-0.2,-0.26,rew,pen,input_data/stims/Shape_3.30_4.00.png,input_data/stims/Shape_4.00_2.00.png,input_data/stims/Shape_0.00_2.00.png
3,1,rew_comp,106,3.3,0.26,4.0,0.376,flat,curv_flat,0.2,0.26,rew,pen,input_data/stims/Shape_3.30_4.00.png,input_data/stims/Shape_0.00_2.00.png,input_data/stims/Shape_4.00_2.00.png
3,1,rew_comp,107,3.3,0.26,4.0,0.276,flat,flat_curv,-0.2,-0.26,rew,pen,input_data/stims/Shape_3.30_4.00.png,input_data/stims/Shape_4.00_2.00.png,input_data/stims/Shape_0.00_2.00.png
3,1,rew_comp,108,3.5,0.3,4.0,-0.172,flat,curv_flat,0.2,0.3,rew,pen,input_data/stims/Shape_3.50_4.00.png,input_data/stims/Shape_0.00_2.00.png,input_data/stims/Shape_4.00_2.00.png
3,1,rew_comp,109,3.5,0.3,4.0,-0.312,flat,flat_curv,-0.2,-0.3,rew,pen,input_data/stims/Shape_3.50_4.00.png,input_data/stims/Shape_4.00_2.00.png,input_data/stims/Shape_0.00_2.00.png
3,1,rew_comp,110,3.5,0.3,4.0,0.364,flat,curv_flat,0.2,0.3,rew,pen,input_data/stims/Shape_3.50_4.00.png,input_data/stims/Shape_0.00_2.00.png,input_data/stims/Shape_4.00_2.00.png
3,1,rew_comp,111,3.5,0.3,4.0,0.224,flat,flat_curv,-0.2,-0.3,rew,pen,input_data/stims/Shape_3.50_4.00.png,input_data/stims/Shape_4.00_2.00.png,input_data/stims/Shape_0.00_2.00.png
3,1,rew_comp,112,3.7,0.34,4.0,-0.052,flat,curv_flat,0.2,0.34,rew,pen,input_data/stims/Shape_3.70_4.00.png,input_data/stims/Shape_0.00_2.00.png,input_data/stims/Shape_4.00_2.00.png
3,1,rew_comp,113,3.7,0.34,4.0,0.028,flat,flat_curv,-0.2,-0.34,rew,pen,input_data/stims/Shape_3.70_4.00.png,input_data/stims/Shape_4.00_2.00.png,input_data/stims/Shape_0.00_2.00.png
3,1,rew_comp,114,3.7,0.34,4.0,0.276,flat,curv_flat,0.2,0.34,rew,pen,input_data/stims/Shape_3.70_4.00.png,input_data/stims/Shape_0.00_2.00.png,input_data/stims/Shape_4.00_2.00.png
3,1,rew_comp,115,3.7,0.34,4.0,0.204,flat,flat_curv,-0.2,-0.34,rew,pen,input_data/stims/Shape_3.70_4.00.png,input_data/stims/Shape_4.00_2.00.png,input_data/stims/Shape_0.00_2.00.png
3,1,rew_comp,116,3.9,0.38,4.0,-0.112,flat,curv_flat,0.2,0.38,rew,pen,input_data/stims/Shape_3.90_4.00.png,input_data/stims/Shape_0.00_2.00.png,input_data/stims/Shape_4.00_2.00.png
3,1,rew_comp,117,3.9,0.38,4.0,-0.36,flat,flat_curv,-0.2,-0.38,rew,pen,input_data/stims/Shape_3.90_4.00.png,input_data/stims/Shape_4.00_2.00.png,input_data/stims/Shape_0.00_2.00.png
3,1,rew_comp,118,3.9,0.38,4.0,0.296,flat,curv_flat,0.2,0.38,rew,pen,input_data/stims/Shape_3.90_4.00.png,input_data/stims/Shape_0.00_2.00.png,input_data/stims/Shape_4.00_2.00.png
3,1,rew_comp,119,3.9,0.38,4.0,0.2,flat,flat_curv,-0.2,-0.38,rew,pen,input_data/stims/Shape_3.90_4.00.png,input_data/stims/Shape_4.00_2.00.png,input_data/stims/Shape_0.00_2.00.png
4,2,baseline,120,0.1,-0.38,4.0,-0.036,curv,curv_flat,0.0,-0.38,pen,rew,input_data/stims/Shape_0.10_4.00.png,input_data/stims/Shape_0.00_2.00.png,input_data/stims/Shape_4.00_2.00.png
4,2,baseline,121,0.1,-0.38,4.0,-0.176,curv,flat_curv,0.0,0.38,pen,rew,input_data/stims/Shape_0.10_4.00.png,input_data/stims/Shape_4.00_2.00.png,input_data/stims/Shape_0.00_2.00.png
4,2,baseline,122,0.3,-0.34,4.0,0.064,curv,curv_flat,0.0,-0.34,pen,rew,input_data/stims/Shape_0.30_4.00.png,input_data/stims/Shape_0.00_2.00.png,input_data/stims/Shape_4.00_2.00.png
4,2,baseline,123,0.3,-0.34,4.0,0.128,curv,flat_curv,0.0,0.34,pen,rew,input_data/stims/Shape_0.30_4.00.png,input_data/stims/Shape_4.00_2.00.png,input_data/stims/Shape_0.00_2.00.png
4,2,baseline,124,0.5,-0.3,4.0,-0.176,curv,curv_flat,0.0,-0.3,pen,rew,input_data/stims/Shape_0.50_4.00.png,input_data/stims/Shape_0.00_2.00.png,input_data/stims/Shape_4.00_2.00.png
4,2,baseline,125,0.5,-0.3,4.0,-0.04,curv,flat_curv,0.0,0.3,pen,rew,input_data/stims/Shape_0.50_4.00.png,input_data/stims/Shape_4.00_2.00.png,input_data/stims/Shape_0.00_2.00.png
4,2,baseline,126,0.7,-0.26,4.0,0.108,curv,curv_flat,0.0,-0.26,pen,rew,input_data/stims/Shape_0.70_4.00.png,input_data/stims/Shape_0.00_2.00.png,input_data/stims/Shape_4.00_2.00.png
4,2,baseline,127,0.7,-0.26,4.0,0.196,curv,flat_curv,0.0,0.26,pen,rew,input_data/stims/Shape_0.70_4.00.png,input_data/stims/Shape_4.00_2.00.png,input_data/stims/Shape_0.00_2.00.png
4,2,baseline,128,0.9,-0.22,4.0,-0.352,curv,curv_flat,0.0,-0.22,pen,rew,input_data/stims/Shape_0.90_4.00.png,input_data/stims/Shape_0.00_2.00.png,input_data/stims/Shape_4.00_2.00.png
4,2,baseline,129,0.9,-0.22,4.0,-0.284,curv,flat_curv,0.0,0.22,pen,rew,input_data/stims/Shape_0.90_4.00.png,input_data/stims/Shape_4.00_2.00.png,input_data/stims/Shape_0.00_2.00.png
4,2,baseline,130,1.1,-0.18,4.0,0.056,curv,curv_flat,0.0,-0.18,pen,rew,input_data/stims/Shape_1.10_4.00.png,input_data/stims/Shape_0.00_2.00.png,input_data/stims/Shape_4.00_2.00.png
4,2,baseline,131,1.1,-0.18,4.0,0.38,curv,flat_curv,0.0,0.18,pen,rew,input_data/stims/Shape_1.10_4.00.png,input_data/stims/Shape_4.00_2.00.png,input_data/stims/Shape_0.00_2.00.png
4,2,baseline,132,1.3,-0.14,4.0,-0.028,curv,curv_flat,0.0,-0.14,pen,rew,input_data/stims/Shape_1.30_4.00.png,input_data/stims/Shape_0.00_2.00.png,input_data/stims/Shape_4.00_2.00.png
4,2,baseline,133,1.3,-0.14,4.0,-0.224,curv,flat_curv,0.0,0.14,pen,rew,input_data/stims/Shape_1.30_4.00.png,input_data/stims/Shape_4.00_2.00.png,input_data/stims/Shape_0.00_2.00.png
4,2,baseline,134,1.5,-0.1,4.0,0.028,curv,curv_flat,0.0,-0.1,pen,rew,input_data/stims/Shape_1.50_4.00.png,input_data/stims/Shape_0.00_2.00.png,input_data/stims/Shape_4.00_2.00.png
4,2,baseline,135,1.5,-0.1,4.0,0.176,curv,flat_curv,0.0,0.1,pen,rew,input_data/stims/Shape_1.50_4.00.png,input_data/stims/Shape_4.00_2.00.png,input_data/stims/Shape_0.00_2.00.png
4,2,baseline,136,1.7,-0.06,4.0,-0.248,curv,curv_flat,0.0,-0.06,pen,rew,input_data/stims/Shape_1.70_4.00.png,input_data/stims/Shape_0.00_2.00.png,input_data/stims/Shape_4.00_2.00.png
4,2,baseline,137,1.7,-0.06,4.0,-0.32,curv,flat_curv,0.0,0.06,pen,rew,input_data/stims/Shape_1.70_4.00.png,input_data/stims/Shape_4.00_2.00.png,input_data/stims/Shape_0.00_2.00.png
4,2,baseline,138,1.9,-0.02,4.0,0.204,curv,curv_flat,0.0,-0.02,pen,rew,input_data/stims/Shape_1.90_4.00.png,input_data/stims/Shape_0.00_2.00.png,input_data/stims/Shape_4.00_2.00.png
4,2,baseline,139,1.9,-0.02,4.0,0.308,curv,flat_curv,0.0,0.02,pen,rew,input_data/stims/Shape_1.90_4.00.png,input_data/stims/Shape_4.00_2.00.png,input_data/stims/Shape_0.00_2.00.png
4,2,baseline,140,2.1,0.02,0.0,-0.264,flat,curv_flat,0.0,0.02,rew,pen,input_data/stims/Shape_2.10_0.00.png,input_data/stims/Shape_0.00_2.00.png,input_data/stims/Shape_4.00_2.00.png
4,2,baseline,141,2.1,0.02,0.0,-0.272,flat,flat_curv,0.0,-0.02,rew,pen,input_data/stims/Shape_2.10_0.00.png,input_data/stims/Shape_4.00_2.00.png,input_data/stims/Shape_0.00_2.00.png
4,2,baseline,142,2.3,0.06,0.0,0.28,flat,curv_flat,0.0,0.06,rew,pen,input_data/stims/Shape_2.30_0.00.png,input_data/stims/Shape_0.00_2.00.png,input_data/stims/Shape_4.00_2.00.png
4,2,baseline,143,2.3,0.06,0.0,0.24,flat,flat_curv,0.0,-0.06,rew,pen,input_data/stims/Shape_2.30_0.00.png,input_data/stims/Shape_4.00_2.00.png,input_data/stims/Shape_0.00_2.00.png
4,2,baseline,144,2.5,0.1,0.0,-0.172,flat,curv_flat,0.0,0.1,rew,pen,input_data/stims/Shape_2.50_0.00.png,input_data/stims/Shape_0.00_2.00.png,input_data/stims/Shape_4.00_2.00.png
4,2,baseline,145,2.5,0.1,0.0,-0.048,flat,flat_curv,0.0,-0.1,rew,pen,input_data/stims/Shape_2.50_0.00.png,input_data/stims/Shape_4.00_2.00.png,input_data/stims/Shape_0.00_2.00.png
4,2,baseline,146,2.7,0.14,0.0,0.388,flat,curv_flat,0.0,0.14,rew,pen,input_data/stims/Shape_2.70_0.00.png,input_data/stims/Shape_0.00_2.00.png,input_data/stims/Shape_4.00_2.00.png
4,2,baseline,147,2.7,0.14,0.0,0.152,flat,flat_curv,0.0,-0.14,rew,pen,input_data/stims/Shape_2.70_0.00.png,input_data/stims/Shape_4.00_2.00.png,input_data/stims/Shape_0.00_2.00.png
4,2,baseline,148,2.9,0.18,0.0,-0.26,flat,curv_flat,0.0,0.18,rew,pen,input_data/stims/Shape_2.90_0.00.png,input_data/stims/Shape_0.00_2.00.png,input_data/stims/Shape_4.00_2.00.png
4,2,baseline,149,2.9,0.18,0.0,-0.064,flat,flat_curv,0.0,-0.18,rew,pen,input_data/stims/Shape_2.90_0.00.png,input_data/stims/Shape_4.00_2.00.png,input_data/stims/Shape_0.00_2.00.png
4,2,baseline,150,3.1,0.22,0.0,0.0,flat,curv_flat,0.0,0.22,rew,pen,input_data/stims/Shape_3.10_0.00.png,input_data/stims/Shape_0.00_2.00.png,input_data/stims/Shape_4.00_2.00.png
4,2,baseline,151,3.1,0.22,0.0,0.328,flat,flat_curv,0.0,-0.22,rew,pen,input_data/stims/Shape_3.10_0.00.png,input_data/stims/Shape_4.00_2.00.png,input_data/stims/Shape_0.00_2.00.png
4,2,baseline,152,3.3,0.26,0.0,-0.036,flat,curv_flat,0.0,0.26,rew,pen,input_data/stims/Shape_3.30_0.00.png,input_data/stims/Shape_0.00_2.00.png,input_data/stims/Shape_4.00_2.00.png
4,2,baseline,153,3.3,0.26,0.0,-0.108,flat,flat_curv,0.0,-0.26,rew,pen,input_data/stims/Shape_3.30_0.00.png,input_data/stims/Shape_4.00_2.00.png,input_data/stims/Shape_0.00_2.00.png
4,2,baseline,154,3.5,0.3,0.0,0.22,flat,curv_flat,0.0,0.3,rew,pen,input_data/stims/Shape_3.50_0.00.png,input_data/stims/Shape_0.00_2.00.png,input_data/stims/Shape_4.00_2.00.png
4,2,baseline,155,3.5,0.3,0.0,0.112,flat,flat_curv,0.0,-0.3,rew,pen,input_data/stims/Shape_3.50_0.00.png,input_data/stims/Shape_4.00_2.00.png,input_data/stims/Shape_0.00_2.00.png
4,2,baseline,156,3.7,0.34,0.0,-0.212,flat,curv_flat,0.0,0.34,rew,pen,input_data/stims/Shape_3.70_0.00.png,input_data/stims/Shape_0.00_2.00.png,input_data/stims/Shape_4.00_2.00.png
4,2,baseline,157,3.7,0.34,0.0,-0.068,flat,flat_curv,0.0,-0.34,rew,pen,input_data/stims/Shape_3.70_0.00.png,input_data/stims/Shape_4.00_2.00.png,input_data/stims/Shape_0.00_2.00.png
4,2,baseline,158,3.9,0.38,0.0,0.208,flat,curv_flat,0.0,0.38,rew,pen,input_data/stims/Shape_3.90_0.00.png,input_data/stims/Shape_0.00_2.00.png,input_data/stims/Shape_4.00_2.00.png
4,2,baseline,159,3.9,0.38,0.0,0.092,flat,flat_curv,0.0,-0.38,rew,pen,input_data/stims/Shape_3.90_0.00.png,input_data/stims/Shape_4.00_2.00.png,input_data/stims/Shape_0.00_2.00.png
5,2,pen_comp,160,0.1,-0.38,4.0,-0.32,curv,curv_flat,-0.2,-0.38,pen,rew,input_data/stims/Shape_0.10_4.00.png,input_data/stims/Shape_0.00_2.00.png,input_data/stims/Shape_4.00_2.00.png
5,2,pen_comp,161,0.1,-0.38,4.0,-0.212,curv,flat_curv,0.2,0.38,pen,rew,input_data/stims/Shape_0.10_4.00.png,input_data/stims/Shape_4.00_2.00.png,input_data/stims/Shape_0.00_2.00.png
5,2,pen_comp,162,0.1,-0.38,4.0,0.044,curv,curv_flat,-0.2,-0.38,pen,rew,input_data/stims/Shape_0.10_4.00.png,input_data/stims/Shape_0.00_2.00.png,input_data/stims/Shape_4.00_2.00.png
5,2,pen_comp,163,0.1,-0.38,4.0,0.116,curv,flat_curv,0.2,0.38,pen,rew,input_data/stims/Shape_0.10_4.00.png,input_data/stims/Shape_4.00_2.00.png,input_data/stims/Shape_0.00_2.00.png
5,2,pen_comp,164,0.3,-0.34,4.0,-0.372,curv,curv_flat,-0.2,-0.34,pen,rew,input_data/stims/Shape_0.30_4.00.png,input_data/stims/Shape_0.00_2.00.png,input_data/stims/Shape_4.00_2.00.png
5,2,pen_comp,165,0.3,-0.34,4.0,-0.248,curv,flat_curv,0.2,0.34,pen,rew,input_data/stims/Shape_0.30_4.00.png,input_data/stims/Shape_4.00_2.00.png,input_data/stims/Shape_0.00_2.00.png
5,2,pen_comp,166,0.3,-0.34,4.0,0.156,curv,curv_flat,-0.2,-0.34,pen,rew,input_data/stims/Shape_0.30_4.00.png,input_data/stims/Shape_0.00_2.00.png,input_data/stims/Shape_4.00_2.00.png
5,2,pen_comp,167,0.3,-0.34,4.0,-0.048,curv,flat_curv,0.2,0.34,pen,rew,input_data/stims/Shape_0.30_4.00.png,input_data/stims/Shape_4.00_2.00.png,input_data/stims/Shape_0.00_2.00.png
5,2,pen_comp,168,0.5,-0.3,4.0,-0.26,curv,curv_flat,-0.2,-0.3,pen,rew,input_data/stims/Shape_0.50_4.00.png,input_data/stims/Shape_0.00_2.00.png,input_data/stims/Shape_4.00_2.00.png
5,2,pen_comp,169,0.5,-0.3,4.0,-0.264,curv,flat_curv,0.2,0.3,pen,rew,input_data/stims/Shape_0.50_4.00.png,input_data/stims/Shape_4.00_2.00.png,input_data/stims/Shape_0.00_2.00.png
5,2,pen_comp,170,0.5,-0.3,4.0,-0.084,curv,curv_flat,-0.2,-0.3,pen,rew,input_data/stims/Shape_0.50_4.00.png,input_data/stims/Shape_0.00_2.00.png,input_data/stims/Shape_4.00_2.00.png
5,2,pen_comp,171,0.5,-0.3,4.0,-0.168,curv,flat_curv,0.2,0.3,pen,rew,input_data/stims/Shape_0.50_4.00.png,input_data/stims/Shape_4.00_2.00.png,input_data/stims/Shape_0.00_2.00.png
5,2,pen_comp,172,0.7,-0.26,4.0,-0.38,curv,curv_flat,-0.2,-0.26,pen,rew,input_data/stims/Shape_0.70_4.00.png,input_data/stims/Shape_0.00_2.00.png,input_data/stims/Shape_4.00_2.00.png
5,2,pen_comp,173,0.7,-0.26,4.0,-0.256,curv,flat_curv,0.2,0.26,pen,rew,input_data/stims/Shape_0.70_4.00.png,input_data/stims/Shape_4.00_2.00.png,input_data/stims/Shape_0.00_2.00.png
5,2,pen_comp,174,0.7,-0.26,4.0,-0.192,curv,curv_flat,-0.2,-0.26,pen,rew,input_data/stims/Shape_0.70_4.00.png,input_data/stims/Shape_0.00_2.00.png,input_data/stims/Shape_4.00_2.00.png
5,2,pen_comp,175,0.7,-0.26,4.0,-0.164,curv,flat_curv,0.2,0.26,pen,rew,input_data/stims/Shape_0.70_4.00.png,input_data/stims/Shape_4.00_2.00.png,input_data/stims/Shape_0.00_2.00.png
5,2,pen_comp,176,0.9,-0.22,4.0,-0.368,curv,curv_flat,-0.2,-0.22,pen,rew,input_data/stims/Shape_0.90_4.00.png,input_data/stims/Shape_0.00_2.00.png,input_data/stims/Shape_4.00_2.00.png
5,2,pen_comp,177,0.9,-0.22,4.0,-0.312,curv,flat_curv,0.2,0.22,pen,rew,input_data/stims/Shape_0.90_4.00.png,input_data/stims/Shape_4.00_2.00.png,input_data/stims/Shape_0.00_2.00.png
5,2,pen_comp,178,0.9,-0.22,4.0,0.248,curv,curv_flat,-0.2,-0.22,pen,rew,input_data/stims/Shape_0.90_4.00.png,input_data/stims/Shape_0.00_2.00.png,input_data/stims/Shape_4.00_2.00.png
5,2,pen_comp,179,0.9,-0.22,4.0,-0.076,curv,flat_curv,0.2,0.22,pen,rew,input_data/stims/Shape_0.90_4.00.png,input_data/stims/Shape_4.00_2.00.png,input_data/stims/Shape_0.00_2.00.png
5,2,pen_comp,180,1.1,-0.18,0.0,-0.268,flat,curv_flat,-0.2,-0.18,rew,pen,input_data/stims/Shape_1.10_0.00.png,input_data/stims/Shape_0.00_2.00.png,input_data/stims/Shape_4.00_2.00.png
5,2,pen_comp,181,1.1,-0.18,0.0,-0.396,flat,flat_curv,0.2,0.18,rew,pen,input_data/stims/Shape_1.10_0.00.png,input_data/stims/Shape_4.00_2.00.png,input_data/stims/Shape_0.00_2.00.png
5,2,pen_comp,182,1.3,-0.14,0.0,0.26,flat,curv_flat,-0.2,-0.14,rew,pen,input_data/stims/Shape_1.30_0.00.png,input_data/stims/Shape_0.00_2.00.png,input_data/stims/Shape_4.00_2.00.png
5,2,pen_comp,183,1.3,-0.14,0.0,-0.076,flat,flat_curv,0.2,0.14,rew,pen,input_data/stims/Shape_1.30_0.00.png,input_data/stims/Shape_4.00_2.00.png,input_data/stims/Shape_0.00_2.00.png
5,2,pen_comp,184,1.5,-0.1,0.0,-0.216,flat,curv_flat,-0.2,-0.1,rew,pen,input_data/stims/Shape_1.50_0.00.png,input_data/stims/Shape_0.00_2.00.png,input_data/stims/Shape_4.00_2.00.png
5,2,pen_comp,185,1.5,-0.1,0.0,-0.36,flat,flat_curv,0.2,0.1,rew,pen,input_data/stims/Shape_1.50_0.00.png,input_data/stims/Shape_4.00_2.00.png,input_data/stims/Shape_0.00_2.00.png
5,2,pen_comp,186,1.7,-0.06,0.0,0.096,flat,curv_flat,-0.2,-0.06,rew,pen,input_data/stims/Shape_1.70_0.00.png,input_data/stims/Shape_0.00_2.00.png,input_data/stims/Shape_4.00_2.00.png
5,2,pen_comp,187,1.7,-0.06,0.0,0.344,flat,flat_curv,0.2,0.06,rew,pen,input_data/stims/Shape_1.70_0.00.png,input_data/stims/Shape_4.00_2.00.png,input_data/stims/Shape_0.00_2.00.png
5,2,pen_comp,188,1.9,-0.02,0.0,-0.34,flat,curv_flat,-0.2,-0.02,rew,pen,input_data/stims/Shape_1.90_0.00.png,input_data/stims/Shape_0.00_2.00.png,input_data/stims/Shape_4.00_2.00.png
5,2,pen_comp,189,1.9,-0.02,0.0,-0.392,flat,flat_curv,0.2,0.02,rew,pen,input_data/stims/Shape_1.90_0.00.png,input_data/stims/Shape_4.00_2.00.png,input_data/stims/Shape_0.00_2.00.png
5,2,pen_comp,190,2.1,0.02,0.0,0.288,flat,curv_flat,-0.2,0.02,rew,pen,input_data/stims/Shape_2.10_0.00.png,input_data/stims/Shape_0.00_2.00.png,input_data/stims/Shape_4.00_2.00.png
5,2,pen_comp,191,2.1,0.02,0.0,0.328,flat,flat_curv,0.2,-0.02,rew,pen,input_data/stims/Shape_2.10_0.00.png,input_data/stims/Shape_4.00_2.00.png,input_data/stims/Shape_0.00_2.00.png
5,2,pen_comp,192,2.3,0.06,0.0,-0.32,flat,curv_flat,-0.2,0.06,rew,pen,input_data/stims/Shape_2.30_0.00.png,input_data/stims/Shape_0.00_2.00.png,input_data/stims/Shape_4.00_2.00.png
5,2,pen_comp,193,2.3,0.06,0.0,-0.384,flat,flat_curv,0.2,-0.06,rew,pen,input_data/stims/Shape_2.30_0.00.png,input_data/stims/Shape_4.00_2.00.png,input_data/stims/Shape_0.00_2.00.png
5,2,pen_comp,194,2.5,0.1,0.0,-0.044,flat,curv_flat,-0.2,0.1,rew,pen,input_data/stims/Shape_2.50_0.00.png,input_data/stims/Shape_0.00_2.00.png,input_data/stims/Shape_4.00_2.00.png
5,2,pen_comp,195,2.5,0.1,0.0,-0.156,flat,flat_curv,0.2,-0.1,rew,pen,input_data/stims/Shape_2.50_0.00.png,input_data/stims/Shape_4.00_2.00.png,input_data/stims/Shape_0.00_2.00.png
5,2,pen_comp,196,2.7,0.14,0.0,-0.252,flat,curv_flat,-0.2,0.14,rew,pen,input_data/stims/Shape_2.70_0.00.png,input_data/stims/Shape_0.00_2.00.png,input_data/stims/Shape_4.00_2.00.png
5,2,pen_comp,197,2.7,0.14,0.0,-0.26,flat,flat_curv,0.2,-0.14,rew,pen,input_data/stims/Shape_2.70_0.00.png,input_data/stims/Shape_4.00_2.00.png,input_data/stims/Shape_0.00_2.00.png
5,2,pen_comp,198,2.9,0.18,0.0,-0.124,flat,curv_flat,-0.2,0.18,rew,pen,input_data/stims/Shape_2.90_0.00.png,input_data/stims/Shape_0.00_2.00.png,input_data/stims/Shape_4.00_2.00.png
5,2,pen_comp,199,2.9,0.18,0.0,0.268,flat,flat_curv,0.2,-0.18,rew,pen,input_data/stims/Shape_2.90_0.00.png,input_data/stims/Shape_4.00_2.00.png,input_data/stims/Shape_0.00_2.00.png
6,2,rew_comp,200,1.1,-0.18,4.0,-0.396,curv,curv_flat,0.2,-0.18,pen,rew,input_data/stims/Shape_1.10_4.00.png,input_data/stims/Shape_0.00_2.00.png,input_data/stims/Shape_4.00_2.00.png
6,2,rew_comp,201,1.1,-0.18,4.0,-0.164,curv,flat_curv,-0.2,0.18,pen,rew,input_data/stims/Shape_1.10_4.00.png,input_data/stims/Shape_4.00_2.00.png,input_data/stims/Shape_0.00_2.00.png
6,2,rew_comp,202,1.3,-0.14,4.0,0.34,curv,curv_flat,0.2,-0.14,pen,rew,input_data/stims/Shape_1.30_4.00.png,input_data/stims/Shape_0.00_2.00.png,input_data/stims/Shape_4.00_2.00.png
6,2,rew_comp,203,1.3,-0.14,4.0,0.392,curv,flat_curv,-0.2,0.14,pen,rew,input_data/stims/Shape_1.30_4.00.png,input_data/stims/Shape_4.00_2.00.png,input_data/stims/Shape_0.00_2.00.png
6,2,rew_comp,204,1.5,-0.1,4.0,-0.312,curv,curv_flat,0.2,-0.1,pen,rew,input_data/stims/Shape_1.50_4.00.png,input_data/stims/Shape_0.00_2.00.png,input_data/stims/Shape_4.00_2.00.png
6,2,rew_comp,205,1.5,-0.1,4.0,0.072,curv,flat_curv,-0.2,0.1,pen,rew,input_data/stims/Shape_1.50_4.00.png,input_data/stims/Shape_4.00_2.00.png,input_data/stims/Shape_0.00_2.00.png
6,2,rew_comp,206,1.7,-0.06,4.0,0.296,curv,curv_flat,0.2,-0.06,pen,rew,input_data/stims/Shape_1.70_4.00.png,input_data/stims/Shape_0.00_2.00.png,input_data/stims/Shape_4.00_2.00.png
6,2,rew_comp,207,1.7,-0.06,4.0,0.376,curv,flat_curv,-0.2,0.06,pen,rew,input_data/stims/Shape_1.70_4.00.png,input_data/stims/Shape_4.00_2.00.png,input_data/stims/Shape_0.00_2.00.png
6,2,rew_comp,208,1.9,-0.02,4.0,-0.072,curv,curv_flat,0.2,-0.02,pen,rew,input_data/stims/Shape_1.90_4.00.png,input_data/stims/Shape_0.00_2.00.png,input_data/stims/Shape_4.00_2.00.png
6,2,rew_comp,209,1.9,-0.02,4.0,-0.22,curv,flat_curv,-0.2,0.02,pen,rew,input_data/stims/Shape_1.90_4.00.png,input_data/stims/Shape_4.00_2.00.png,input_data/stims/Shape_0.00_2.00.png
6,2,rew_comp,210,2.1,0.02,4.0,0.364,curv,curv_flat,0.2,0.02,pen,rew,input_data/stims/Shape_2.10_4.00.png,input_data/stims/Shape_0.00_2.00.png,input_data/stims/Shape_4.00_2.00.png
6,2,rew_comp,211,2.1,0.02,4.0,0.212,curv,flat_curv,-0.2,-0.02,pen,rew,input_data/stims/Shape_2.10_4.00.png,input_data/stims/Shape_4.00_2.00.png,input_data/stims/Shape_0.00_2.00.png
6,2,rew_comp,212,2.3,0.06,4.0,-0.124,curv,curv_flat,0.2,0.06,pen,rew,input_data/stims/Shape_2.30_4.00.png,input_data/stims/Shape_0.00_2.00.png,input_data/stims/Shape_4.00_2.00.png
6,2,rew_comp,213,2.3,0.06,4.0,-0.216,curv,flat_curv,-0.2,-0.06,pen,rew,input_data/stims/Shape_2.30_4.00.png,input_data/stims/Shape_4.00_2.00.png,input_data/stims/Shape_0.00_2.00.png
6,2,rew_comp,214,2.5,0.1,4.0,0.24,curv,curv_flat,0.2,0.1,pen,rew,input_data/stims/Shape_2.50_4.00.png,input_data/stims/Shape_0.00_2.00.png,input_data/stims/Shape_4.00_2.00.png
6,2,rew_comp,215,2.5,0.1,4.0,0.224,curv,flat_curv,-0.2,-0.1,pen,rew,input_data/stims/Shape_2.50_4.00.png,input_data/stims/Shape_4.00_2.00.png,input_data/stims/Shape_0.00_2.00.png
6,2,rew_comp,216,2.7,0.14,4.0,-0.212,curv,curv_flat,0.2,0.14,pen,rew,input_data/stims/Shape_2.70_4.00.png,input_data/stims/Shape_0.00_2.00.png,input_data/stims/Shape_4.00_2.00.png
6,2,rew_comp,217,2.7,0.14,4.0,-0.12,curv,flat_curv,-0.2,-0.14,pen,rew,input_data/stims/Shape_2.70_4.00.png,input_data/stims/Shape_4.00_2.00.png,input_data/stims/Shape_0.00_2.00.png
6,2,rew_comp,218,2.9,0.18,4.0,0.336,curv,curv_flat,0.2,0.18,pen,rew,input_data/stims/Shape_2.90_4.00.png,input_data/stims/Shape_0.00_2.00.png,input_data/stims/Shape_4.00_2.00.png
6,2,rew_comp,219,2.9,0.18,4.0,0.384,curv,flat_curv,-0.2,-0.18,pen,rew,input_data/stims/Shape_2.90_4.00.png,input_data/stims/Shape_4.00_2.00.png,input_data/stims/Shape_0.00_2.00.png
6,2,rew_comp,220,3.1,0.22,0.0,-0.332,flat,curv_flat,0.2,0.22,rew,pen,input_data/stims/Shape_3.10_0.00.png,input_data/stims/Shape_0.00_2.00.png,input_data/stims/Shape_4.00_2.00.png
6,2,rew_comp,221,3.1,0.22,0.0,-0.32,flat,flat_curv,-0.2,-0.22,rew,pen,input_data/stims/Shape_3.10_0.00.png,input_data/stims/Shape_4.00_2.00.png,input_data/stims/Shape_0.00_2.00.png
6,2,rew_comp,222,3.1,0.22,0.0,0.304,flat,curv_flat,0.2,0.22,rew,pen,input_data/stims/Shape_3.10_0.00.png,input_data/stims/Shape_0.00_2.00.png,input_data/stims/Shape_4.00_2.00.png
6,2,rew_comp,223,3.1,0.22,0.0,0.252,flat,flat_curv,-0.2,-0.22,rew,pen,input_data/stims/Shape_3.10_0.00.png,input_data/stims/Shape_4.00_2.00.png,input_data/stims/Shape_0.00_2.00.png
6,2,rew_comp,224,3.3,0.26,0.0,-0.096,flat,curv_flat,0.2,0.26,rew,pen,input_data/stims/Shape_3.30_0.00.png,input_data/stims/Shape_0.00_2.00.png,input_data/stims/Shape_4.00_2.00.png
6,2,rew_comp,225,3.3,0.26,0.0,-0.348,flat,flat_curv,-0.2,-0.26,rew,pen,input_data/stims/Shape_3.30_0.00.png,input_data/stims/Shape_4.00_2.00.png,input_data/stims/Shape_0.00_2.00.png
6,2,rew_comp,226,3.3,0.26,0.0,0.344,flat,curv_flat,0.2,0.26,rew,pen,input_data/stims/Shape_3.30_0.00.png,input_data/stims/Shape_0.00_2.00.png,input_data/stims/Shape_4.00_2.00.png
6,2,rew_comp,227,3.3,0.26,0.0,0.264,flat,flat_curv,-0.2,-0.26,rew,pen,input_data/stims/Shape_3.30_0.00.png,input_data/stims/Shape_4.00_2.00.png,input_data/stims/Shape_0.00_2.00.png
6,2,rew_comp,228,3.5,0.3,0.0,-0.22,flat,curv_flat,0.2,0.3,rew,pen,input_data/stims/Shape_3.50_0.00.png,input_data/stims/Shape_0.00_2.00.png,input_data/stims/Shape_4.00_2.00.png
6,2,rew_comp,229,3.5,0.3,0.0,0.0,flat,flat_curv,-0.2,-0.3,rew,pen,input_data/stims/Shape_3.50_0.00.png,input_data/stims/Shape_4.00_2.00.png,input_data/stims/Shape_0.00_2.00.png
6,2,rew_comp,230,3.5,0.3,0.0,0.372,flat,curv_flat,0.2,0.3,rew,pen,input_data/stims/Shape_3.50_0.00.png,input_data/stims/Shape_0.00_2.00.png,input_data/stims/Shape_4.00_2.00.png
6,2,rew_comp,231,3.5,0.3,0.0,0.276,flat,flat_curv,-0.2,-0.3,rew,pen,input_data/stims/Shape_3.50_0.00.png,input_data/stims/Shape_4.00_2.00.png,input_data/stims/Shape_0.00_2.00.png
6,2,rew_comp,232,3.7,0.34,0.0,-0.124,flat,curv_flat,0.2,0.34,rew,pen,input_data/stims/Shape_3.70_0.00.png,input_data/stims/Shape_0.00_2.00.png,input_data/stims/Shape_4.00_2.00.png
6,2,rew_comp,233,3.7,0.34,0.0,-0.036,flat,flat_curv,-0.2,-0.34,rew,pen,input_data/stims/Shape_3.70_0.00.png,input_data/stims/Shape_4.00_2.00.png,input_data/stims/Shape_0.00_2.00.png
6,2,rew_comp,234,3.7,0.34,0.0,0.26,flat,curv_flat,0.2,0.34,rew,pen,input_data/stims/Shape_3.70_0.00.png,input_data/stims/Shape_0.00_2.00.png,input_data/stims/Shape_4.00_2.00.png
6,2,rew_comp,235,3.7,0.34,0.0,0.22,flat,flat_curv,-0.2,-0.34,rew,pen,input_data/stims/Shape_3.70_0.00.png,input_data/stims/Shape_4.00_2.00.png,input_data/stims/Shape_0.00_2.00.png
6,2,rew_comp,236,3.9,0.38,0.0,0.128,flat,curv_flat,0.2,0.38,rew,pen,input_data/stims/Shape_3.90_0.00.png,input_data/stims/Shape_0.00_2.00.png,input_data/stims/Shape_4.00_2.00.png
6,2,rew_comp,237,3.9,0.38,0.0,0.084,flat,flat_curv,-0.2,-0.38,rew,pen,input_data/stims/Shape_3.90_0.00.png,input_data/stims/Shape_4.00_2.00.png,input_data/stims/Shape_0.00_2.00.png
6,2,rew_comp,238,3.9,0.38,0.0,0.308,flat,curv_flat,0.2,0.38,rew,pen,input_data/stims/Shape_3.90_0.00.png,input_data/stims/Shape_0.00_2.00.png,input_data/stims/Shape_4.00_2.00.png
6,2,rew_comp,239,3.9,0.38,0.0,0.212,flat,flat_curv,-0.2,-0.38,rew,pen,input_data/stims/Shape_3.90_0.00.png,input_data/stims/Shape_4.00_2.00.png,input_data/stims/Shape_0.00_2.00.png
